variable,categorías,mín. frecuencia esperada,% celdas con esperada < 5,chi²,gl,p,V de Cramér,p (Holm),supuesto chi² cumplido,significativa (Holm)
discharge_disposition_id,8,108.07946094900154,0.0,906.1699160408673,7,2.2334355849081763e-191,0.10636868530201328,6.030276079252076e-190,Sí,Sí
insulin,4,999.9343173153146,0.0,161.00230120718442,3,1.1138414088900417e-34,0.04458867663536595,2.8959876631141083e-33,Sí,Sí
diag_3_grupo,18,37.58295270091729,0.0,164.97245941993268,17,2.7745317868349094e-26,0.04315022462964919,6.936329467087273e-25,Sí,Sí
especialidad,11,101.81563549884866,0.0,138.9877173569757,10,6.794048675220569e-25,0.04028718246545796,1.6305716820529367e-23,Sí,Sí
diag_1_grupo,17,70.2687327771696,0.0,144.69916748922017,16,8.63180320919029e-23,0.040242083496454806,1.9853147381137665e-21,Sí,Sí
diag_2_grupo,17,81.65750632290212,0.0,94.99015321638844,16,2.9836939761605283e-13,0.03152672462474163,6.265757349937109e-12,Sí,Sí
diabetesMed,2,2060.684685364841,0.0,58.075410320577014,1,2.5225987309847527e-14,0.026798926772817352,5.549717208166456e-13,Sí,Sí
metformin,3,148.96515797818128,0.0,43.66057995976,2,3.3054114212869067e-10,0.022895780520798666,6.610822842573813e-09,Sí,Sí
admission_source_id,7,99.53788078970216,0.0,46.09922970384104,6,2.8288892337051e-08,0.02246262644755629,5.374889544039691e-07,Sí,Sí
admission_type_id,6,30.294137631648486,0.0,32.95751376379452,5,3.837248256027151e-06,0.01875606433471106,6.139597209643441e-05,Sí,Sí
change,2,4203.59631572987,0.0,27.425322992645732,1,1.6327910612382264e-07,0.018234882847402566,2.9390239102288076e-06,Sí,Sí
A1Cresult,4,344.05484881657924,0.0,28.154948653728283,3,3.369957968583028e-06,0.017791162254215807,5.7289285465911475e-05,Sí,Sí
race,6,58.538296025065115,0.0,21.373510419434297,5,0.0006884412219182209,0.014353671231726577,0.009638177106855092,Sí,Sí
max_glu_serum,4,104.54894114982447,0.0,18.86992708383331,3,0.00029086202719339534,0.01413122716364772,0.00436293040790093,Sí,Sí
glimepiride,3,45.896757389302024,0.0,13.83739531436405,2,0.0009891172718510572,0.012204515483410042,0.012858524534063743,Sí,Sí
pioglitazone,3,32.23022913442301,0.0,8.997488988232625,2,0.011122952707951269,0.009383465457328684,0.1334754324954152,Sí,No
repaglinide,3,14.235966932165642,0.0,6.170011752217158,2,0.04572976518636323,0.007243696699276825,0.5030274170499955,Sí,No
glipizide,3,120.60711184930732,0.0,4.80724937023196,2,0.09038972449674702,0.005943352357302796,0.9038972449674703,Sí,No
acarbose,3,1.4805405609452267,16.666666666666664,3.984256474221995,2,0.13640481452235378,0.004996766757664442,1.0,Sí,No
miglitol,3,0.6833264127439508,33.33333333333333,3.443020413719365,2,0.17879592508412276,0.004261135838852153,1.0,No,No
rosiglitazone,3,23.5747612396663,0.0,3.1662598616693765,2,0.20533141825617598,0.003830768499023002,1.0,Sí,No
glyburide,3,124.47929485485636,0.0,2.005883990060787,2,0.3667987321834594,0.0002715177045240953,1.0,Sí,No
chlorpropamide,3,0.6833264127439508,16.666666666666664,1.7232865209739394,2,0.42246728780882026,0.0,1.0,No,No
glyburide-metformin,3,1.3666528254879016,16.666666666666664,0.20641176904180691,2,0.9019412586203508,0.0,1.0,Sí,No
gender,2,4162.596730965233,0.0,0.5171280038592674,1,0.47206937162890894,0.0,1.0,Sí,No
nateglinide,3,3.416632063719754,16.666666666666664,0.695960210647292,2,0.706112923962738,0.0,1.0,Sí,No
tolazamide,3,0.11388773545732513,50.0,0.30128217785625455,2,0.8601563629065729,0.0,1.0,No,No
