variable,chi²,chi² Rao-Scott,gl,p (Holm),"p (Rao-Scott, Holm)",significativa (Holm),significativa (Rao-Scott)
discharge_disposition_id,906.1699160408673,649.5841692049228,7,6.030276079252076e-190,1.3700500980211722e-134,Sí,Sí
insulin,161.00230120718442,115.4138359908132,3,2.8959876631141083e-33,1.9496717523390853e-23,Sí,Sí
diag_3_grupo,164.97245941993268,118.25982754117038,17,6.936329467087273e-25,8.264967649086077e-16,Sí,Sí
especialidad,138.9877173569757,99.63277229890731,10,1.6305716820529367e-23,1.549060599010491e-15,Sí,Sí
diag_1_grupo,144.69916748922017,103.72700178438721,16,1.9853147381137665e-21,1.5879266558832955e-13,Sí,Sí
diag_2_grupo,94.99015321638844,68.09329979669421,16,6.265757349937109e-12,4.5101950224453615e-07,Sí,Sí
diabetesMed,58.075410320577014,41.631118509374204,1,5.549717208166456e-13,2.4249452734160105e-09,Sí,Sí
metformin,43.66057995976,31.297906781189962,2,6.610822842573813e-09,3.197244806365713e-06,Sí,Sí
admission_source_id,46.09922970384104,33.046042798452355,6,5.374889544039691e-07,0.00018493348617563827,Sí,Sí
admission_type_id,32.95751376379452,23.625457895193207,5,6.139597209643441e-05,0.004099314942316998,Sí,Sí
change,27.425322992645732,19.659729743832067,1,2.9390239102288076e-06,0.00017580879909619138,Sí,Sí
A1Cresult,28.154948653728283,20.182758891561495,3,5.7289285465911475e-05,0.002644580668666701,Sí,Sí
race,21.373510419434297,15.321512845472613,5,0.009638177106855092,0.11795386678820399,Sí,No
max_glu_serum,18.86992708383331,13.526829450776567,3,0.00436293040790093,0.05438054468563403,Sí,No
glimepiride,13.83739531436405,9.919279795243046,2,0.012858524534063743,0.09821635123060377,Sí,No
pioglitazone,8.997488988232625,6.449812894790412,2,0.1334754324954152,0.4771140120854628,No,No
repaglinide,6.170011752217158,4.422947492628786,2,0.5030274170499955,1.0,No,No
glipizide,4.80724937023196,3.4460568962236273,2,0.9038972449674703,1.0,No,No
acarbose,3.984256474221995,2.856097830983509,2,1.0,1.0,No,No
miglitol,3.443020413719365,2.4681149919135232,2,1.0,1.0,No,No
rosiglitazone,3.1662598616693765,2.2697203309457894,2,1.0,1.0,No,No
glyburide,2.005883990060787,1.437909670294471,2,1.0,1.0,No,No
chlorpropamide,1.7232865209739394,1.235330839407842,2,1.0,1.0,No,No
glyburide-metformin,0.20641176904180691,0.14796542583642072,2,1.0,1.0,No,No
gender,0.5171280038592674,0.3707010780353171,1,1.0,1.0,No,No
nateglinide,0.695960210647292,0.49889620834931325,2,1.0,1.0,No,No
tolazamide,0.30128217785625455,0.2159728873521538,2,1.0,1.0,No,No
