variable,categorías,niveles bajo el 1 %,% de encuentros en esos niveles,mínimo de positivos en un nivel,niveles con menos de 10 positivos
acarbose,3,2,0.32,3,1
chlorpropamide,3,2,0.09,0,2
glyburide-metformin,3,2,0.68,1,1
miglitol,3,2,0.04,2,2
nateglinide,3,2,0.7,2,1
tolazamide,3,2,0.04,0,2
pioglitazone,3,1,0.36,37,0
diag_3_grupo,18,1,0.42,15,0
diag_1_grupo,17,1,0.78,42,0
diag_2_grupo,17,1,0.9,46,0
admission_type_id,6,1,0.33,19,0
rosiglitazone,3,1,0.26,19,0
glimepiride,3,1,0.51,46,0
race,6,1,0.65,54,0
repaglinide,3,1,0.16,22,0
A1Cresult,4,0,0.0,309,0
diabetesMed,2,0,0.0,1774,0
change,2,0,0.0,4438,0
admission_source_id,7,0,0.0,103,0
discharge_disposition_id,8,0,0.0,201,0
insulin,4,0,0.0,1175,0
max_glu_serum,4,0,0.0,144,0
glipizide,3,0,0.0,142,0
especialidad,11,0,0.0,74,0
gender,2,0,0.0,4130,0
glyburide,3,0,0.0,113,0
metformin,3,0,0.0,129,0
