,modelo,n,ajuste_s,inferencia_2k_s
0,bayes,5000,0.7068868999995175,0.07846909999352647
1,bayes,10000,0.993236700000125,0.09212529999786057
2,bayes,20000,2.023179900003015,0.07868939999752911
3,bayes,40000,3.413642199993774,0.0791456000006292
4,logistica,5000,0.49850030000379775,0.06708129999606172
5,logistica,10000,1.0434211999963736,0.06583020000107354
6,logistica,20000,2.2097645000030752,0.06551980000222102
7,logistica,40000,4.400913000004948,0.06717370000114897
8,arbol,5000,0.5947003999972367,0.06894309999916004
9,arbol,10000,1.1255728999967687,0.06854829999792855
10,arbol,20000,2.3097817999951076,0.0671516000002157
11,arbol,40000,4.945893899996008,0.0687675000008312
12,knn,5000,0.43830099999468075,0.3056272999965586
13,knn,10000,0.8145071000035387,0.25693560000217985
14,knn,20000,1.623306000001321,0.43018060000031255
15,knn,40000,3.214551400000346,0.7814159000045038
16,random_forest,5000,0.9186600999964867,0.1311896000042907
17,random_forest,10000,1.492607299995143,0.11922820000472711
18,random_forest,20000,2.8559413999973913,0.1333167999982834
19,random_forest,40000,5.999807300002431,0.1393450000032317
20,svm,5000,0.6365743999995175,0.07295169999997597
21,svm,10000,1.2854612000010093,0.07288590000098338
22,svm,20000,2.8213259000040125,0.07168210000236286
23,svm,40000,5.173784699996759,0.07028879999415949
