,variable 1,variable 2,I neta conjunta,suma de las individuales,información de interacción,relación
0,hospitalizacion_previa,discharge_disposition_id,0.012710683698337671,0.012255060373827814,0.00045562332450985697,Sinergia
1,number_inpatient,discharge_disposition_id,0.013216372858272698,0.012883167387770771,0.00033320547050192783,Sinergia
2,discharge_disposition_id,insulin,0.0060054794198649555,0.005858361519089257,0.00014711790077569795,Sinergia
3,number_emergency,num_medications,0.0009099216925409652,0.000900237996567897,9.683695973068153e-06,Sinergia
4,discharge_disposition_id,number_diagnoses,0.00612969593722519,0.0061239786033054616,5.717333919728592e-06,Sinergia
5,number_emergency,number_diagnoses,0.0012360231231474783,0.001231055911192341,4.967211955137288e-06,Sinergia
6,number_emergency,insulin,0.0009684391867812788,0.0009654388269761372,3.0003598051415916e-06,Sinergia
7,number_emergency,time_in_hospital,0.0012587720858824095,0.0012613616167010283,-2.589530818618768e-06,Redundancia
8,number_inpatient,number_emergency,0.007986211869483702,0.00799024469565765,-4.032826173947998e-06,Redundancia
9,discharge_disposition_id,number_emergency,0.004887996335078409,0.00489292269211312,-4.926357034711407e-06,Redundancia
10,hospitalizacion_previa,number_emergency,0.007354436894173378,0.007362137681714694,-7.700787541315389e-06,Redundancia
11,number_inpatient,time_in_hospital,0.00913955652664285,0.009251606312358678,-0.00011204978571582912,Redundancia
12,hospitalizacion_previa,time_in_hospital,0.0084505201212682,0.008623499298415722,-0.0001729791771475221,Redundancia
13,time_in_hospital,insulin,0.002036397163897952,0.0022268004436771655,-0.00019040327977921327,Redundancia
14,number_diagnoses,insulin,0.0019965550074984737,0.002196494738168478,-0.00019993973067000442,Redundancia
15,number_inpatient,num_medications,0.008602105326580149,0.008890482692225548,-0.0002883773656453982,Redundancia
16,number_inpatient,number_diagnoses,0.008900478887851226,0.00922130060684999,-0.0003208217189987646,Redundancia
17,num_medications,insulin,0.0015411713513521442,0.0018656768235440343,-0.00032450547219188997,Redundancia
18,discharge_disposition_id,num_medications,0.005449437823430461,0.005793160688681017,-0.0003437228652505567,Redundancia
19,hospitalizacion_previa,num_medications,0.007900402642535703,0.00826237567828259,-0.0003619730357468882,Redundancia
20,time_in_hospital,number_diagnoses,0.002117995008859569,0.002492417527893369,-0.0003744225190338002,Redundancia
21,hospitalizacion_previa,insulin,0.007906911030402882,0.00832757650869083,-0.0004206654782879485,Redundancia
22,number_inpatient,insulin,0.008526417670128598,0.008955683522633788,-0.0004292658525051891,Redundancia
23,number_diagnoses,num_medications,0.0016901489956553622,0.002131293907760238,-0.00044114491210487576,Redundancia
24,hospitalizacion_previa,number_diagnoses,0.008085883636858901,0.008593193592907035,-0.0005073099560481337,Redundancia
25,discharge_disposition_id,time_in_hospital,0.005627211221097068,0.006154284308814149,-0.0005270730877170809,Redundancia
26,time_in_hospital,num_medications,0.0015807347807454408,0.0021615996132689254,-0.0005808648325234845,Redundancia
27,number_inpatient,hospitalizacion_previa,0.009652662030417081,0.015352382377372343,-0.005699720346955262,Redundancia
