variable,información mutua neta,AUC univariado,peso en el modelo base,rango en el capítulo 4,rango en el modelo base,desplazamiento
number_inpatient,0.0087,0.6072,0.2247,1,6,-5
hospitalizacion_previa,0.0074,0.5923,0.2253,2,5,-3
discharge_disposition_id,0.0049,0.571,0.9816,3,1,2
number_emergency,0.0017,0.5322,0.0748,4,16,-12
time_in_hospital,0.0013,0.5471,0.0184,5,31,-26
number_diagnoses,0.0013,0.5419,0.1322,6,9,-3
num_medications,0.001,0.5392,0.0191,7,30,-23
insulin,0.001,0.5331,0.0833,8,14,-6
diag_3_grupo,0.0009,0.5279,0.4062,9,2,7
especialidad,0.0008,0.5218,0.3298,10,4,6
age_ord,0.0008,0.5192,0.0457,11,26,-15
diag_1_grupo,0.0008,0.53,0.185,12,8,4
n_farmacos_activos,0.0008,0.5033,0.0556,13,21,-8
diag_2_grupo,0.0005,0.5143,0.3339,14,3,11
diabetesMed,0.0004,0.5145,0.2194,15,7,8
num_lab_procedures,0.0004,0.5238,0.0595,16,19,-3
metformin,0.0003,0.5126,0.0475,17,24,-7
admission_source_id,0.0003,0.5143,0.0712,18,17,1
num_procedures,0.0003,0.4934,0.0225,19,29,-10
number_outpatient,0.0002,0.5205,0.0017,20,34,-14
admission_type_id,0.0002,0.5133,0.0642,21,18,3
change,0.0002,0.5094,0.008,22,32,-10
A1Cresult,0.0002,0.5083,0.0999,23,12,11
race,0.0001,0.4989,0.0796,24,15,9
max_glu_serum,0.0001,0.4983,0.1086,25,11,14
glimepiride,0.0001,0.5035,0.1319,26,10,16
pioglitazone,0.0,0.503,0.0541,27,22,5
glipizide,0.0,0.5009,0.0972,28,13,15
repaglinide,0.0,0.5001,0.0471,29,25,4
acarbose,0.0,0.5003,0.05,30,23,7
glyburide,0.0,0.5,0.0318,31,27,4
miglitol,0.0,0.4999,0.0,32,36,-4
rosiglitazone,0.0,0.5008,0.0557,33,20,13
chlorpropamide,0.0,0.5,0.0,34,36,-2
gender,-0.0,0.4995,0.0306,35,28,7
tolazamide,-0.0,0.5,0.0,36,36,0
nateglinide,-0.0,0.4983,0.0027,37,33,4
glyburide-metformin,-0.0,0.4993,0.0,38,36,2
