,atributo,grupo,encuentros,tasa real (%),tasa de selección (%),cobertura (%),cobertura relativa
0,race,AfricanAmerican,15014,11.6,11.02,23.19,1.04
1,race,Asian,514,10.51,6.42,22.22,0.99
2,race,Caucasian,59394,11.49,10.11,22.64,1.01
3,race,Hispanic,1639,10.31,6.41,20.71,0.93
4,race,No informada,1769,8.54,4.3,7.95,0.36
5,race,Other,1143,9.62,6.82,15.45,0.69
6,gender,Female,42923,11.46,10.31,22.76,1.02
7,gender,Male,36550,11.3,9.64,21.91,0.98
8,age_ord,[10-20),576,5.73,2.08,6.06,0.27
9,age_ord,[20-30),1337,15.48,13.69,42.03,1.88
10,age_ord,[30-40),3011,10.99,7.61,22.96,1.03
11,age_ord,[40-50),7704,11.28,8.83,24.63,1.1
12,age_ord,[50-60),13634,9.45,8.08,22.34,1.0
13,age_ord,[60-70),17553,11.32,8.93,20.68,0.92
14,age_ord,[70-80),20318,12.06,10.83,21.27,0.95
15,age_ord,[80-90),13171,12.59,13.11,23.04,1.03
16,age_ord,[90-100),2044,10.96,12.18,19.64,0.88
