variable,tipo,niveles,información mutua,referencia por permutación,información mutua neta,% de la entropía del desenlace,AUC univariado,|AUC - 0.5|
number_inpatient,numérica,3,0.008705132375620995,1.02305889385821e-05,0.008694901786682413,2.452257966085536,0.6072156697611982,0.10721566976119823
hospitalizacion_previa,binaria,2,0.00736353119346108,8.901431604693694e-06,0.007354629761856387,2.0742556803512344,0.5922952228888382,0.09229522288883818
discharge_disposition_id,categórica,8,0.004937037971992256,4.953718072318531e-05,0.004887500791269071,1.3784414181648896,0.5710172334775218,0.07101723347752176
number_emergency,numérica,2,0.0017299635759517409,9.754155668091961e-06,0.001720209420283649,0.48515755067953586,0.5322233364231551,0.03222333642315511
time_in_hospital,numérica,7,0.0013259059852971072,3.844512401158837e-05,0.0012874608612855189,0.3631077418202098,0.5470519007057038,0.04705190070570375
number_diagnoses,numérica,6,0.0012781194836173925,2.746210372017599e-05,0.0012506573798972166,0.35272790859973807,0.5418567282315633,0.04185672823156328
num_medications,numérica,10,0.0010788480330540065,5.772513208119195e-05,0.0010211229009728145,0.2879913804314968,0.539248124791107,0.03924812479110695
insulin,categórica,4,0.0009836482941304203,1.1457476618275451e-05,0.0009721908175121448,0.2741908690045156,0.5331346237599431,0.03313462375994314
diag_3_grupo,categórica,18,0.001057983944586824,0.00011471957279839332,0.0009432643717884307,0.266032627692904,0.5279118998445036,0.027911899844503596
especialidad,categórica,11,0.0009036224631230667,7.058313823586276e-05,0.0008330393248872039,0.2349454163641122,0.521827600736744,0.021827600736743946
age_ord,numérica,10,0.0008668430121959531,5.637277911472932e-05,0.0008104702330812238,0.22858016503334957,0.5191716526209228,0.019171652620922797
diag_1_grupo,categórica,17,0.0009076247658237598,0.00010324793872373538,0.0008043768271000244,0.2268616173459132,0.5299512587531992,0.02995125875319915
n_farmacos_activos,numérica,7,0.0008282836826284878,3.4486676408000637e-05,0.0007937970062204872,0.22387774810068017,0.5033392508451057,0.003339250845105668
diag_2_grupo,categórica,17,0.0005875055610327525,9.347208608760279e-05,0.0004940334749451497,0.13933423909431136,0.5143143936087486,0.014314393608748643
diabetesMed,categórica,2,0.0003780117098454833,9.942592972578951e-06,0.00036806911687290437,0.10380800681430583,0.5144860445321221,0.0144860445321221
num_lab_procedures,numérica,10,0.00041939908186187545,5.61684033487576e-05,0.00036323067851311785,0.10244340267014246,0.523802063693165,0.023802063693164954
metformin,categórica,3,0.00028315051619135986,1.2259037504482937e-05,0.0002708914786868769,0.07640060840848781,0.5125588148592126,0.01255881485921262
admission_source_id,categórica,7,0.0002933518459480167,2.9887237109348757e-05,0.00026346460883866794,0.0743059785673266,0.5143323833930236,0.014332383393023562
num_procedures,numérica,7,0.0003012478461055844,4.5146516718014436e-05,0.00025610132938756996,0.0722292833804844,0.4933708174449721,0.006629182555027924
number_outpatient,numérica,2,0.00020452023654893943,6.538771205616428e-06,0.000197981465343323,0.055837505406797355,0.5205309783865572,0.020530978386557153
admission_type_id,categórica,6,0.00021350046302296083,2.2687247590314402e-05,0.00019081321543264643,0.05381581518215646,0.5133097881392533,0.01330978813925332
change,categórica,2,0.00017298058640278927,4.9381352772351695e-06,0.0001680424511255541,0.047393685348389884,0.509405295024602,0.009405295024601967
A1Cresult,categórica,4,0.00018229246109712437,2.0065702066670623e-05,0.00016222675903045374,0.045753462420242,0.5082619266841353,0.008261926684135279
race,categórica,6,0.00014344055209280756,3.977013360789739e-05,0.00010367041848491017,0.02923858323120216,0.49887827462592016,0.0011217253740798405
max_glu_serum,categórica,4,0.00010868973492072519,1.5339412060131455e-05,9.335032286059373e-05,0.026327965339662914,0.4982521598464557,0.001747840153544289
glimepiride,categórica,3,9.145769857850524e-05,1.848679297532392e-05,7.297090560318131e-05,0.020580276689491382,0.5034977457630688,0.003497745763068827
pioglitazone,categórica,3,5.794099411239541e-05,1.0899395291398095e-05,4.704159882099731e-05,0.01326733047437976,0.5029765244556373,0.0029765244556373416
glipizide,categórica,3,2.8990636674734044e-05,8.829393292117037e-06,2.0161243382617007e-05,0.005686156198674691,0.5008519798039605,0.0008519798039604565
repaglinide,categórica,3,3.483252153691654e-05,1.877235654177948e-05,1.606016499513706e-05,0.004529512639958176,0.500132397061902,0.00013239706190204537
acarbose,categórica,3,2.4120971048324885e-05,1.480168222306295e-05,9.319288825261935e-06,0.0026283563426793225,0.5002870356252891,0.0002870356252890893
glyburide,categórica,3,1.2862098249805684e-05,8.378767277994245e-06,4.4833309718114395e-06,0.0012644517856500756,0.5000237170513135,2.371705131354318e-05
miglitol,categórica,3,1.6881890485277167e-05,1.2798918972457083e-05,4.082971512820084e-06,0.0011515368043545995,0.4998942946225589,0.00010570537744108988
rosiglitazone,categórica,3,2.0525397502782613e-05,1.7014539858356495e-05,3.5108576444261184e-06,0.0009901812392548324,0.5008441274627669,0.0008441274627668527
chlorpropamide,categórica,3,1.5825634386430308e-05,1.3920183917742168e-05,1.9054504686881398e-06,0.0005374018252832717,0.49999439510711,5.604892889976565e-06
gender,categórica,2,3.3567967910861675e-06,6.24271040851494e-06,-2.8859136174287727e-06,-0.0008139257729873339,0.4994625154820163,0.0005374845179836885
tolazamide,categórica,3,2.6794376041556446e-06,8.802166991018588e-06,-6.122729386862943e-06,-0.0017268178849492825,0.4999524254808821,4.757451911791e-05
nateglinide,categórica,3,5.022455408958249e-06,1.1351729326277931e-05,-6.329273917319682e-06,-0.0017850704658973176,0.4982934148390346,0.0017065851609653904
glyburide-metformin,categórica,3,1.3685268904802317e-06,8.956722070963247e-06,-7.588195180483015e-06,-0.002140129070583948,0.49926988915892473,0.000730110841075271
