,variable_1,variable_2,V de Cramér
125,change,insulin,0.6378390604796986
179,diabetesMed,insulin,0.5808814581826168
114,change,diabetesMed,0.5055679067244966
57,admission_source_id,admission_type_id,0.4731660722618997
72,admission_source_id,max_glu_serum,0.35988244357400906
99,admission_type_id,max_glu_serum,0.3402026617384617
127,change,metformin,0.32871749298171005
181,diabetesMed,metformin,0.27098460071158403
92,admission_type_id,especialidad,0.2473226937647114
197,diag_1_grupo,diag_2_grupo,0.22888435763503662
122,change,glipizide,0.2094945147523565
65,admission_source_id,especialidad,0.2086370897089692
200,diag_1_grupo,especialidad,0.20843962694534288
176,diabetesMed,glipizide,0.2054600347874981
130,change,pioglitazone,0.2011428667152554
133,change,rosiglitazone,0.19693969097206152
198,diag_1_grupo,diag_3_grupo,0.1954290184860943
123,change,glyburide,0.19194391596916732
177,diabetesMed,glyburide,0.18678972339644456
225,diag_2_grupo,diag_3_grupo,0.17090291963033757
61,admission_source_id,diag_1_grupo,0.16874874034148787
88,admission_type_id,diag_1_grupo,0.1667808270163705
184,diabetesMed,pioglitazone,0.1530659185263512
121,change,glimepiride,0.14384631415475202
187,diabetesMed,rosiglitazone,0.14197188723469853
115,change,diag_1_grupo,0.1312901021942054
175,diabetesMed,glimepiride,0.12623919726759475
91,admission_type_id,discharge_disposition_id,0.12362488963142129
199,diag_1_grupo,discharge_disposition_id,0.11616908695096496
4,A1Cresult,change,0.11496906548846589
