variable,medida,observado,permutado,exceso
age_ord,varianza explicada (η²),0.9903985295238644,0.35646191701197305,0.6339366125118914
gender,concordancia,0.999959913412972,0.5053515593682354,0.4946083540447366
especialidad,concordancia,0.7143830674256394,0.29696143670327907,0.4174216307223603
number_outpatient,varianza explicada (η²),0.7546832329063257,0.3562294629873041,0.39845376991902154
race,concordancia,0.9911208209733023,0.6036558967369517,0.3874649242363506
number_emergency,varianza explicada (η²),0.7276843547055014,0.36695085178742115,0.36073350291808026
n_farmacos_activos,varianza explicada (η²),0.6735310912670187,0.35703225418788637,0.31649883707913234
number_diagnoses,varianza explicada (η²),0.6259218501341501,0.356500208737321,0.2694216413968291
admission_type_id,concordancia,0.6396015393249419,0.37849755471819135,0.26110398460675055
admission_source_id,concordancia,0.700954060771266,0.44939068387717473,0.25156337689409125
number_inpatient,varianza explicada (η²),0.5904116477545924,0.35973013923435254,0.2306815085202399
insulin,concordancia,0.5375210454581897,0.30849835644993184,0.22902268900825784
diag_1_grupo,concordancia,0.3598773350436944,0.13265453379299288,0.22722280125070152
discharge_disposition_id,concordancia,0.579952697827307,0.35997354285256156,0.2199791549747454
change,concordancia,0.7167281327667763,0.5005371602661749,0.21619097250060137
num_medications,varianza explicada (η²),0.5517070474427259,0.3589954668086389,0.192711580634087
num_lab_procedures,varianza explicada (η²),0.525637290044553,0.3563587052672443,0.16927858477730867
metformin,concordancia,0.8603583740880302,0.7015633768940913,0.15879499719393886
num_procedures,varianza explicada (η²),0.515425334181703,0.35936853269728497,0.15605680148441803
diag_2_grupo,concordancia,0.28870359977551513,0.14276036238274675,0.14594323739276838
diabetesMed,concordancia,0.8206526096368155,0.6772348272268098,0.1434177824100057
time_in_hospital,varianza explicada (η²),0.4868529473797729,0.3590305506993248,0.1278223966804481
glipizide,concordancia,0.9034113685560812,0.7800609316122826,0.12335043694379855
glyburide,concordancia,0.92616050669446,0.8158542451695663,0.11030626152489376
diag_3_grupo,concordancia,0.22077687805660226,0.13948127956385795,0.08129559849274431
pioglitazone,concordancia,0.9399703359255993,0.8652529463641466,0.07471738956145269
max_glu_serum,concordancia,0.952798043774553,0.8856369758678746,0.06716106790667842
rosiglitazone,concordancia,0.946785055720356,0.8852802052433255,0.06150485047703047
A1Cresult,concordancia,0.7813877976429087,0.7319249579090836,0.04946283973382504
glimepiride,concordancia,0.9546019401908121,0.9073358454261203,0.04726609476469179
repaglinide,concordancia,0.9812194339773912,0.9628437424837649,0.01837569149362628
glyburide-metformin,concordancia,0.9941072717068868,0.9850276597450494,0.009079611961837486
nateglinide,concordancia,0.9941273150004009,0.9856610278200915,0.008466287180309395
acarbose,concordancia,0.9961717309388278,0.9929167000721559,0.003255030866671893
chlorpropamide,concordancia,0.9996392207167482,0.9984045538362863,0.00123466688046181
miglitol,concordancia,0.9994187444880943,0.9986811512867794,0.0007375932013149455
tolazamide,concordancia,0.9998596969454021,0.9995390042491783,0.00032069269622381213
readmitted_30,varianza explicada (η²),0.3536810265119319,0.3580401155719196,-0.00435908905998772
hospitalizacion_previa,varianza explicada (η²),0.2756677020017325,0.3573748134183865,-0.08170711141665399
