modelo,balanceo,optimizador,presupuesto,folds_externos,folds_internos,fraccion_busqueda,multifidelidad,semilla,n_jobs,folds_en_paralelo,n_evaluaciones,n_ajustes,auc_roc_media,auc_roc_sd,auc_roc_por_fold,auc_pr_media,auc_pr_sd,auc_pr_por_fold,exactitud_media,exactitud_sd,exactitud_por_fold,precision_media,precision_sd,precision_por_fold,recall_media,recall_sd,recall_por_fold,f1_media,f1_sd,f1_por_fold,exactitud_balanceada_media,exactitud_balanceada_sd,exactitud_balanceada_por_fold,brier_media,brier_sd,brier_por_fold,tiempo_busqueda_s,tiempo_ajuste_s,tiempo_inferencia_s,tiempo_por_evaluacion_s,tiempo_trabajo_s,tiempo_real_s,hiperparametros_por_fold,curvas_anytime,curvas_diversidad,tiempo_total_s,estado
bayes,ninguno,grid,12,5,3,0.25,False,42,4,False,60,185,0.6457748603057617,0.0071473160718712,"[0.649154206568011, 0.644043824010058, 0.6352210435135344, 0.6458183640368167, 0.6546368634003887]",0.1968570558288348,0.0116430976256407,"[0.21261722566067381, 0.18945393805115318, 0.1887559861495102, 0.18741784318865556, 0.20604028609418149]",0.880726801154766,0.0014635814703789,"[0.8824713728450988, 0.8803472571716155, 0.8801988296734411, 0.8787669078326518, 0.8818496382510224]",0.3435140588725799,0.0497326376885125,"[0.40460526315789475, 0.3295880149812734, 0.3333333333333333, 0.27413127413127414, 0.3759124087591241]",0.0529228075206457,0.0105969382901165,"[0.06795580110497237, 0.048591938155715074, 0.051933701657458566, 0.039226519337016576, 0.0569060773480663]",0.0916821230548853,0.0176358554085435,"[0.11636707663197729, 0.0846968238691049, 0.08986615678776291, 0.06863218946350894, 0.09884836852207293]",0.5200216483444945,0.0054152303693737,"[0.5275521692261584, 0.5179416914775735, 0.5192921366343105, 0.512939493250333, 0.522382751134097]",0.1037004802501834,0.0013965977006506,"[0.10204590013350147, 0.10412207724139658, 0.10476383284393213, 0.10515304095417402, 0.10241755007791319]",81.22556160000386,20.82265300002473,1.645688800010248,1.3537593600000644,115.18461629998636,134.88299949999782,"[{""modelo__var_smoothing"": 1.0}, {""modelo__var_smoothing"": 1.0}, {""modelo__var_smoothing"": 1.0}, {""modelo__var_smoothing"": 1.0}, {""modelo__var_smoothing"": 1.0}]","[[0.14051821063231604, 0.1452042529645803, 0.14690060456528306, 0.14690060456528306, 0.14690060456528306, 0.14690060456528306, 0.14690060456528306, 0.14690060456528306, 0.1494077827176634, 0.16661926357296175, 0.17992160805773846, 0.18262714244295367], [0.15365760015214247, 0.15659106937949718, 0.1570080580127622, 0.15956879313128544, 0.1606785431280923, 0.16171239547462354, 0.16171239547462354, 0.16179020044784728, 0.16513900147494023, 0.18593724786224688, 0.19229795611989886, 0.19413935249071837], [0.1305929938233291, 0.1328040365776036, 0.1344629217552273, 0.14035739199337485, 0.14574206756848934, 0.14576630486502432, 0.14576630486502432, 0.14620336152966218, 0.14964148089525733, 0.17484871761531254, 0.18837233828215724, 0.19205131006400955], [0.15564700887949656, 0.1609367431170863, 0.16303010076350535, 0.1653924643426565, 0.16623822729403617, 0.16623822729403617, 0.16623822729403617, 0.1670214599514054, 0.17250360327871128, 0.19673135494097216, 0.1992689419664012, 0.20009094968291086], [0.13211014205964147, 0.1381327346402704, 0.15508989743701565, 0.16581208208273066, 0.17000799021056437, 0.17223269857515308, 0.17265897786121964, 0.17306365584039204, 0.18120220053850242, 0.2115026490679803, 0.21273835616565095, 0.21274053716437935]]","[[], [], [], [], []]",134.88315629999852,completada
bayes,ninguno,random,12,5,3,0.25,False,42,4,False,60,185,0.6471275234810436,0.0100138070789696,"[0.650175898045037, 0.6441751164882614, 0.6313427144439262, 0.6573028200919045, 0.6526410683360889]",0.1979730155278837,0.0106736263096574,"[0.21290480285341246, 0.1879947884459926, 0.19101289845230893, 0.19254490447132672, 0.20540768341637833]",0.8466890858354216,0.0270593375707646,"[0.8725934314835787, 0.86852038248616, 0.8055118605675454, 0.8490720352312048, 0.837747719408619]",0.2659040922724865,0.0472634248740797,"[0.34074074074074073, 0.2724306688417618, 0.2134228187919463, 0.24369016536118362, 0.25923606762680024]",0.1732494790888096,0.0711915724083551,"[0.1270718232044199, 0.09221424627277747, 0.26353591160220996, 0.15469613259668508, 0.2287292817679558]",0.1982056702182145,0.04280132307243,"[0.1851106639839034, 0.1377887788778878, 0.23584672435105067, 0.18925312605610004, 0.2430290578221309]",0.553246810834065,0.0175261191349819,"[0.5477378428717357, 0.530274677271994, 0.5693522773235079, 0.5464996459930532, 0.572369610710034]",0.1294886226750859,0.0202121923398437,"[0.11059171149370334, 0.11408942265749963, 0.16124361390171188, 0.12699792288608575, 0.13452044243642894]",74.9553401999874,20.85043570002017,1.5713891999912448,1.24925566999979,109.0067410000047,128.8784963000071,"[{""modelo__var_smoothing"": 0.2909209188966097}, {""modelo__var_smoothing"": 0.2878948982199665}, {""modelo__var_smoothing"": 0.012050033902713947}, {""modelo__var_smoothing"": 0.036804229593849574}, {""modelo__var_smoothing"": 0.019638588506314204}]","[[0.14614875480134806, 0.14614875480134806, 0.14614875480134806, 0.16850067113884057, 0.16850067113884057, 0.16850067113884057, 0.16850067113884057, 0.16850067113884057, 0.16850067113884057, 0.16850067113884057, 0.1809590489392893, 0.1809590489392893], [0.15447308096968518, 0.15754662155895283, 0.16058170235876307, 0.1924244489485917, 0.1924244489485917, 0.1924244489485917, 0.1924244489485917, 0.1924244489485917, 0.1924244489485917, 0.1924244489485917, 0.19253533569204606, 0.19253533569204606], [0.14530776858412373, 0.1461503737525828, 0.15141469696729404, 0.16790767859462621, 0.16790767859462621, 0.16790767859462621, 0.16790767859462621, 0.16790767859462621, 0.16790767859462621, 0.16790767859462621, 0.16790767859462621, 0.17693015390730168], [0.19959505378582532, 0.19959505378582532, 0.19959505378582532, 0.19959505378582532, 0.19959505378582532, 0.19959505378582532, 0.19959505378582532, 0.19959505378582532, 0.19959505378582532, 0.19959505378582532, 0.20037868717357232, 0.20037868717357232], [0.1794099314938257, 0.1816912848481497, 0.1816912848481497, 0.1816912848481497, 0.21192647151344537, 0.21192647151344537, 0.21192647151344537, 0.2157420248642349, 0.2157420248642349, 0.2157420248642349, 0.2157420248642349, 0.2157420248642349]]","[[], [], [], [], []]",128.88166149999597,completada
bayes,ninguno,optuna,12,5,3,0.25,True,42,4,True,60,105,0.6461336795425382,0.0077109639612787,"[0.6491543634797372, 0.6440150290488038, 0.6352246723548591, 0.6458861450898943, 0.656388187739396]",0.1967132804582696,0.0116634659165513,"[0.21256423872215022, 0.1892245660305836, 0.18854807202387133, 0.18739191106086375, 0.20583761445387916]",0.879002914213209,0.0020494243168316,"[0.8822197055492639, 0.8795923502767992, 0.8769898697539797, 0.8785781692356087, 0.8776344762503933]",0.3310919144818626,0.0462670741005417,"[0.40064102564102566, 0.31802120141342755, 0.31070496083550914, 0.2777777777777778, 0.34831460674157305]",0.0623149506850401,0.0172934975222379,"[0.06906077348066299, 0.04969630038652678, 0.06574585635359116, 0.04143646408839779, 0.0856353591160221]",0.1043776138398548,0.0258508208032194,"[0.117813383600377, 0.08595988538681948, 0.10852713178294573, 0.07211538461538461, 0.13747228381374724]",0.5231414954384402,0.0074918543261064,"[0.5278916477457277, 0.5179968899873706, 0.5234999252654841, 0.5137959743232191, 0.5325230398704002]",0.1052184881315257,0.0018106000681352,"[0.10226616648905541, 0.105016695781911, 0.10672132285395085, 0.105438201459849, 0.10665005407286231]",115.04334249999374,24.756753999987268,1.7712809999939054,1.9173890416665624,157.7457146000088,70.68357120000292,"[{""modelo__var_smoothing"": 0.9616470944896098}, {""modelo__var_smoothing"": 0.8831107337374025}, {""modelo__var_smoothing"": 0.7510886750089019}, {""modelo__var_smoothing"": 0.958790477851343}, {""modelo__var_smoothing"": 0.49407983949633943}]","[[0.14252214411876538, 0.14645388602443857, 0.14645388602443857, 0.14645388602443857, 0.1794025966209809, 0.1826388452538149, 0.1826388452538149, 0.1826388452538149, 0.1826388452538149, 0.1826388452538149, 0.1826388452538149, 0.1826388452538149], [0.1862702181942184, 0.1862702181942184, 0.1862702181942184, 0.1862702181942184, 0.1862702181942184, 0.1862702181942184, 0.1862702181942184, 0.1862702181942184, 0.1862702181942184, 0.1862702181942184, 0.1862702181942184, 0.19375420982197947], [0.19158960652897342, 0.19158960652897342, 0.19158960652897342, 0.19158960652897342, 0.19158960652897342, 0.19164766661786428, 0.19164766661786428, 0.19164766661786428, 0.19164766661786428, 0.19164766661786428, 0.19164766661786428, 0.19164766661786428], [0.1820406672548788, 0.1820406672548788, 0.1820406672548788, 0.1820406672548788, 0.1820406672548788, 0.19948511064643512, 0.2000561097254154, 0.2000561097254154, 0.2000561097254154, 0.2000561097254154, 0.2000561097254154, 0.2000561097254154], [0.13456677118301172, 0.21202525724853327, 0.21202525724853327, 0.21202525724853327, 0.21202525724853327, 0.21202525724853327, 0.21202525724853327, 0.21202525724853327, 0.21202525724853327, 0.21202525724853327, 0.21202525724853327, 0.21202525724853327]]","[[], [], [], [], []]",70.68372590000217,completada
bayes,ninguno,deap,12,5,3,0.25,False,42,4,False,60,185,0.6422394425009937,0.0136218211315776,"[0.6216941837530461, 0.6479873419780942, 0.6355500715372125, 0.6505867101281289, 0.6553789051084871]",0.1921635004191375,0.007930473329144,"[0.18760957966009315, 0.1912057152328445, 0.18819626417623123, 0.18770378822768274, 0.20610215479883576]",0.8149047223979254,0.0860899013069988,"[0.6620737385176796, 0.8374433819828888, 0.8640911092933996, 0.861465869770368, 0.849449512425291]",0.2384616064278737,0.0430336918488406,"[0.16812674743709227, 0.23363197794624396, 0.2691292875989446, 0.24479166666666666, 0.27662835249042145]",0.2203108078013124,0.1612231034842415,"[0.4983425414364641, 0.1871893981225842, 0.112707182320442, 0.10386740331491713, 0.1994475138121547]",0.1991572438649177,0.0456515828416918,"[0.25142857142857145, 0.20784794604537093, 0.1588785046728972, 0.14584949573312644, 0.2317817014446228]",0.5558181972210238,0.0239518653905824,"[0.5907290667988909, 0.5541200806729357, 0.5366844865660294, 0.5313444222822367, 0.5662129297850266]",0.1585452085043962,0.0759106677974559,"[0.2937796301024679, 0.1345813434517518, 0.11839238007611923, 0.11819118691277872, 0.12778150197886345]",75.35859050000727,18.52306549999048,1.4549637000018265,1.2559765083334544,105.02456029999304,121.71883260000322,"[{""modelo__var_smoothing"": 0.0001}, {""modelo__var_smoothing"": 0.025118864315095822}, {""modelo__var_smoothing"": 0.15848931924611173}, {""modelo__var_smoothing"": 0.15848931924611173}, {""modelo__var_smoothing"": 0.025118864315095822}]","[[0.1458951723983439, 0.1461651196184248, 0.1461651196184248, 0.1461651196184248, 0.1461651196184248, 0.1461651196184248, 0.1461651196184248, 0.1461651196184248, 0.1461651196184248, 0.1461651196184248, 0.1461651196184248, 0.1461651196184248], [0.16179020044784728, 0.16179020044784728, 0.19133519545828712, 0.19133519545828712, 0.19133519545828712, 0.19133519545828712, 0.19133519545828712, 0.19133519545828712, 0.19133519545828712, 0.19133519545828712, 0.19133519545828712, 0.19133519545828712], [0.1890019361226789, 0.1890019361226789, 0.1890019361226789, 0.1890019361226789, 0.1890019361226789, 0.1890019361226789, 0.1890019361226789, 0.1890019361226789, 0.1890019361226789, 0.1890019361226789, 0.1890019361226789, 0.1890019361226789], [0.1658025420872706, 0.19908060921879364, 0.19908060921879364, 0.19908060921879364, 0.19908060921879364, 0.19908060921879364, 0.19908060921879364, 0.19908060921879364, 0.19908060921879364, 0.19908060921879364, 0.19908060921879364, 0.19908060921879364], [0.13153251187037607, 0.1782499382328, 0.1782499382328, 0.19822083208834254, 0.19822083208834254, 0.19822083208834254, 0.19822083208834254, 0.19822083208834254, 0.19822083208834254, 0.21596275124284778, 0.21596275124284778, 0.21596275124284778]]","[[1.0, 0.5, 0.25, 0.3333333333333333], [1.0, 0.5, 0.5, 0.3333333333333333], [1.0, 0.75, 0.75, 0.3333333333333333], [1.0, 0.75, 0.5, 0.3333333333333333], [1.0, 0.75, 0.5, 0.3333333333333333]]",121.72127969999563,completada
logistica,ninguno,grid,12,5,3,0.25,False,42,4,False,60,185,0.6623932473605789,0.007440176055822,"[0.6722519657116496, 0.6597892773366406, 0.6518790140379275, 0.6631317356931182, 0.6649142440235587]",0.2111606148536741,0.0129915989173888,"[0.2336051100100062, 0.20148896154168597, 0.2054866331491001, 0.20441436190118784, 0.2108080076663906]",0.8861122841818323,0.0005160214941062,"[0.8868755505222097, 0.8858203321590338, 0.8863650663814258, 0.8855614973262033, 0.8859389745202894]",0.4998159631819053,0.0805428579215737,"[0.603448275862069, 0.4473684210526316, 0.5666666666666667, 0.41818181818181815, 0.4634146341463415]",0.0122641561238716,0.0041793826953898,"[0.019337016574585635, 0.009387078961899503, 0.009392265193370166, 0.01270718232044199, 0.010497237569060774]",0.0239068270369219,0.0079992502278319,"[0.03747323340471092, 0.01838831800973499, 0.01847826086956522, 0.024664879356568366, 0.020529443544030253]",0.505343980942615,0.0020167622389877,"[0.5088519788922345, 0.5039480655725366, 0.5042345832109008, 0.5052176309188294, 0.5044676461185738]",0.0970382290460173,0.0007338835702897,"[0.09579264820218673, 0.09760949349633762, 0.09738702569915024, 0.09742669338262493, 0.09697528444978734]",99.71318270001213,44.25822629997856,1.2256176999944728,1.6618863783335351,154.83344010001747,171.70321459999832,"[{""modelo__C"": 0.1, ""modelo__penalty"": ""l1""}, {""modelo__C"": 0.01, ""modelo__penalty"": ""l2""}, {""modelo__C"": 0.1, ""modelo__penalty"": ""l1""}, {""modelo__C"": 0.1, ""modelo__penalty"": ""l1""}, {""modelo__C"": 1.0, ""modelo__penalty"": ""l1""}]","[[0.10940509995011856, 0.17674937970633123, 0.17674937970633123, 0.17938500637503282, 0.18113326017579448, 0.18113326017579448, 0.18113326017579448, 0.18113326017579448, 0.18113326017579448, 0.18113326017579448, 0.18113326017579448, 0.18113326017579448], [0.11408036679729296, 0.19832964095027109, 0.19832964095027109, 0.20201961784372846, 0.20201961784372846, 0.20201961784372846, 0.20201961784372846, 0.20201961784372846, 0.20201961784372846, 0.20201961784372846, 0.20201961784372846, 0.20201961784372846], [0.11322174425356292, 0.1958778042778355, 0.1958778042778355, 0.19841055642322245, 0.2022027203983625, 0.2022027203983625, 0.2022027203983625, 0.2022027203983625, 0.2022027203983625, 0.2022027203983625, 0.2022027203983625, 0.2022027203983625], [0.11321668342968445, 0.20754069556305535, 0.20754069556305535, 0.21105642174597103, 0.2144890636684832, 0.2144890636684832, 0.2144890636684832, 0.2144890636684832, 0.2144890636684832, 0.2144890636684832, 0.2144890636684832, 0.2144890636684832], [0.1165843475796866, 0.2149251487792659, 0.2149251487792659, 0.21772537237214348, 0.21896666635115433, 0.21896979955586923, 0.21990198979016126, 0.21990198979016126, 0.21990198979016126, 0.21990198979016126, 0.21990198979016126, 0.21990198979016126]]","[[], [], [], [], []]",171.70334279999952,completada
logistica,ninguno,random,12,5,3,0.25,False,42,4,False,60,185,0.6620036027294219,0.0077018061780938,"[0.6725861484604606, 0.6588307520777358, 0.6516539866450793, 0.6620991729377871, 0.6648479535260464]",0.2110467259476314,0.0129535928497765,"[0.23337959541047318, 0.20119342756610348, 0.2048714311250808, 0.2049508225666924, 0.21083835306980753]",0.8860745348787142,0.0005200119307359,"[0.8868755505222097, 0.885694514343231, 0.8862392248159567, 0.8855614973262033, 0.8860018873859704]",0.4913788984355886,0.0756543029484685,"[0.6, 0.43478260869565216, 0.5333333333333333, 0.41509433962264153, 0.47368421052631576]",0.012374470317977,0.0043787197485419,"[0.019889502762430938, 0.011043622308117063, 0.008839779005524863, 0.012154696132596685, 0.009944751381215469]",0.0241064873630117,0.0083750894024155,"[0.038502673796791446, 0.021540118470651588, 0.017391304347826087, 0.023617820719269995, 0.01948051948051948]",0.5053707375212598,0.0021171281615088,"[0.5090927207081112, 0.5045988434579278, 0.5039228363180717, 0.5049768865824503, 0.504262400539738]",0.0970543426778357,0.0007382321201656,"[0.09581191579849632, 0.09765752652249282, 0.09741727445386104, 0.09741899104671407, 0.09696600556761456]",94.8577476000064,29.347025299997767,1.1237872000056086,1.5809624600001069,134.96679150001728,151.60379010000906,"[{""modelo__C"": 0.05083798422236118, ""modelo__penalty"": ""l1""}, {""modelo__C"": 0.029403882946498167, ""modelo__penalty"": ""l2""}, {""modelo__C"": 0.06494193771066208, ""modelo__penalty"": ""l1""}, {""modelo__C"": 0.5383973250319642, ""modelo__penalty"": ""l1""}, {""modelo__C"": 0.11991583710624361, ""modelo__penalty"": ""l2""}]","[[0.17677610755152365, 0.17677610755152365, 0.17677610755152365, 0.1782117628539639, 0.1782117628539639, 0.1782117628539639, 0.18023769456328778, 0.18023769456328778, 0.18023769456328778, 0.18023769456328778, 0.18023769456328778, 0.18023769456328778], [0.19561292770691643, 0.19610930855009065, 0.19671687468688262, 0.19698141415519074, 0.19698141415519074, 0.20050297263815808, 0.20109179281790765, 0.20221678710570515, 0.20221678710570515, 0.20221678710570515, 0.20221678710570515, 0.20221678710570515], [0.19020189974137167, 0.19020189974137167, 0.19020189974137167, 0.19020189974137167, 0.19020189974137167, 0.19702253001415349, 0.19702253001415349, 0.19702253001415349, 0.19702253001415349, 0.19702253001415349, 0.2013973462686128, 0.2013973462686128], [0.20687427288107105, 0.20687427288107105, 0.2131970334549376, 0.2131970334549376, 0.2131970334549376, 0.2131970334549376, 0.2131970334549376, 0.2131970334549376, 0.2131970334549376, 0.2131970334549376, 0.2131970334549376, 0.2131970334549376], [0.21763327895512083, 0.2188487950562249, 0.2188487950562249, 0.2188487950562249, 0.2188487950562249, 0.21891542119466942, 0.21891542119466942, 0.21891542119466942, 0.21891542119466942, 0.21891542119466942, 0.21891542119466942, 0.21891542119466942]]","[[], [], [], [], []]",151.6063323999988,completada
logistica,ninguno,optuna,12,5,3,0.25,True,42,4,True,60,121,0.661576670899204,0.0073062354827073,"[0.6708963660813336, 0.6579673344784672, 0.6514377077021274, 0.6630714466430139, 0.6645104995910778]",0.2105246968349769,0.0123242244464981,"[0.23164617956380512, 0.20093311685456774, 0.20451750460143686, 0.20475551267618683, 0.21077117047888794]",0.8860493713155536,0.0005344258821624,"[0.8868755505222097, 0.8855686965274283, 0.8862392248159567, 0.8856244101918842, 0.8859389745202894]",0.4890868677159679,0.0784253607962993,"[0.603448275862069, 0.4166666666666667, 0.5333333333333333, 0.42857142857142855, 0.4634146341463415]",0.0125954647931151,0.0040867357179848,"[0.019337016574585635, 0.011043622308117063, 0.008839779005524863, 0.013259668508287293, 0.010497237569060774]",0.024526879711849,0.0078261668419351,"[0.03747323340471092, 0.02151694459386767, 0.017391304347826087, 0.02572347266881029, 0.020529443544030253]",0.5054528362568946,0.0019826094708317,"[0.5088519788922345, 0.504527845942841, 0.5039228363180717, 0.505493874012752, 0.5044676461185738]",0.0970870559232847,0.0007196450365473,"[0.09588987978974321, 0.09771918991318816, 0.09743597475515997, 0.09741148860820584, 0.0969787465501267]",202.0493776000076,48.54175200000464,1.6685636000183877,3.367489626666793,270.0814437999797,106.9184255,"[{""modelo__C"": 0.025277984585181292, ""modelo__penalty"": ""l2""}, {""modelo__C"": 0.4793129008125622, ""modelo__penalty"": ""l1""}, {""modelo__C"": 0.05443599061458911, ""modelo__penalty"": ""l1""}, {""modelo__C"": 0.1505337879628175, ""modelo__penalty"": ""l1""}, {""modelo__C"": 0.7470869100280326, ""modelo__penalty"": ""l2""}]","[[0.10932848269337103, 0.17848350111882227, 0.17848350111882227, 0.17848350111882227, 0.17848350111882227, 0.17884184288807195, 0.17884184288807195, 0.17932698782449485, 0.17932698782449485, 0.17932698782449485, 0.17932698782449485, 0.17932698782449485], [0.19694260546947495, 0.19694260546947495, 0.19694260546947495, 0.19929447262010166, 0.19929447262010166, 0.19929447262010166, 0.20108902337342363, 0.20108902337342363, 0.20108902337342363, 0.20108902337342363, 0.20108902337342363, 0.20108902337342363], [0.1858564180595906, 0.18680198914694346, 0.18680198914694346, 0.1937374037533548, 0.1937374037533548, 0.20082374563413455, 0.20082374563413455, 0.20082374563413455, 0.20082374563413455, 0.20082374563413455, 0.20082374563413455, 0.20082374563413455], [0.20812200837666409, 0.20812200837666409, 0.20812200837666409, 0.2131817639306888, 0.2131817639306888, 0.2131817639306888, 0.2153833665578644, 0.2153833665578644, 0.2153833665578644, 0.2153833665578644, 0.2153833665578644, 0.2153833665578644], [0.1165843475796866, 0.21809300535041432, 0.21831998109263032, 0.21831998109263032, 0.21831998109263032, 0.21831998109263032, 0.21831998109263032, 0.21831998109263032, 0.21831998109263032, 0.21831998109263032, 0.21831998109263032, 0.21831998109263032]]","[[], [], [], [], []]",106.91859119999572,completada
logistica,ninguno,deap,12,5,3,0.25,False,42,4,False,60,185,0.6610557645106685,0.0076037862033472,"[0.6699314766491814, 0.6575780830553316, 0.6499783642595615, 0.6630119028706924, 0.6647789957185752]",0.2102248867701893,0.0111351768461021,"[0.2290837469655388, 0.20076344869738566, 0.20575081329069425, 0.20470901690219004, 0.21081740799513818]",0.8860367871592061,0.0004486215636744,"[0.8866238832263748, 0.8855686965274283, 0.8863021455986912, 0.8856244101918842, 0.8860648002516515]",0.4905268065268065,0.0677972269182349,"[0.5714285714285714, 0.42, 0.5454545454545454, 0.42857142857142855, 0.48717948717948717]",0.0125954037786272,0.003111162657871,"[0.017679558011049725, 0.011595803423522915, 0.009944751381215469, 0.013259668508287293, 0.010497237569060774]",0.0245349933653368,0.0059472344417518,"[0.03429796355841372, 0.022568511552928532, 0.019533369506239826, 0.02572347266881029, 0.02055164954029205]",0.5054457044857689,0.0014796590022557,"[0.5079877483324207, 0.5047684377430004, 0.5044398187070105, 0.505493874012752, 0.5045386436336606]",0.0971257260872023,0.0006309795426294,"[0.09610786553590026, 0.09773649320535063, 0.09740288122481223, 0.0974122885648958, 0.09696910190505284]",109.90830580001057,37.2115838000027,1.2111620999785373,1.8318050966668429,158.3810630999942,175.280162199997,"[{""modelo__C"": 0.003981071705534973, ""modelo__penalty"": ""l2""}, {""modelo__C"": 1.0, ""modelo__penalty"": ""l1""}, {""modelo__C"": 0.15848931924611143, ""modelo__penalty"": ""l2""}, {""modelo__C"": 0.15848931924611143, ""modelo__penalty"": ""l1""}, {""modelo__C"": 0.15848931924611143, ""modelo__penalty"": ""l2""}]","[[0.1769283792034211, 0.1769283792034211, 0.1783129232160151, 0.17887641177987454, 0.17887641177987454, 0.17887641177987454, 0.17887641177987454, 0.17887641177987454, 0.17887641177987454, 0.17887641177987454, 0.17887641177987454, 0.17887641177987454], [0.2007152591585829, 0.2007152591585829, 0.2007152591585829, 0.2007152591585829, 0.2007152591585829, 0.2007152591585829, 0.2007152591585829, 0.2007152591585829, 0.2007152591585829, 0.2007152591585829, 0.2007152591585829, 0.2007152591585829], [0.18582254329469708, 0.18657650580315363, 0.19166266965352477, 0.19166266965352477, 0.19166266965352477, 0.19166266965352477, 0.19166266965352477, 0.19166266965352477, 0.19166266965352477, 0.19166266965352477, 0.19166266965352477, 0.19166266965352477], [0.210961195521867, 0.210961195521867, 0.2152626184259586, 0.2152626184259586, 0.2152626184259586, 0.2152626184259586, 0.2152626184259586, 0.2152626184259586, 0.2152626184259586, 0.2152626184259586, 0.2152626184259586, 0.2152626184259586], [0.20811854045265835, 0.2188327169688534, 0.2188327169688534, 0.2188327169688534, 0.2188327169688534, 0.2188327169688534, 0.2188327169688534, 0.2188327169688534, 0.2188327169688534, 0.2188327169688534, 0.2188327169688534, 0.2188327169688534]]","[[1.0, 0.5, 0.25, 0.3333333333333333], [0.75, 0.25, 0.5, 0.6666666666666666], [0.75, 0.5, 0.25, 0.3333333333333333], [1.0, 0.25, 0.25, 0.6666666666666666], [1.0, 0.25, 0.25, 0.6666666666666666]]",175.2833176000131,completada
arbol,ninguno,grid,12,5,3,0.25,False,42,4,False,60,185,0.6457677239961056,0.0105157119244805,"[0.6332419453288164, 0.6461544417452844, 0.6373948567745367, 0.6544742359431786, 0.6575731401887122]",0.2008970538401249,0.0096353858285274,"[0.21389189063767972, 0.19786673623426687, 0.1884309941775915, 0.1979775401405197, 0.2063181080105668]",0.8860871134946684,0.0004654158449674,"[0.8864980495784572, 0.8861348766985405, 0.8864909079468949, 0.8859389745202894, 0.8853727587291601]",0.5796434766214178,0.2431343536001343,"[0.546875, 0.5098039215686274, 1.0, 0.46153846153846156, 0.38]",0.0114901263304971,0.0059160595004879,"[0.019337016574585635, 0.01435670900055218, 0.0033149171270718232, 0.009944751381215469, 0.010497237569060774]",0.0223576472288942,0.0113577409692578,"[0.03735325506937033, 0.027926960257787327, 0.006607929515418502, 0.019469983775013522, 0.02043010752688172]",0.504992474886412,0.0026174469459158,"[0.5086389712239585, 0.5062908855616889, 0.5016574585635359, 0.5042269017821945, 0.5041481573006823]",0.0977429555210976,0.000412470807966,"[0.09817378050527385, 0.09798372675947256, 0.09782290065089363, 0.09763935141851038, 0.09709501827133767]",69.9553925999935,23.578380900013144,1.158516800016514,1.1659232099998915,104.28785560000688,121.53615010000068,"[{""modelo__criterion"": ""gini"", ""modelo__max_depth"": 16, ""modelo__min_samples_leaf"": 100}, {""modelo__criterion"": ""gini"", ""modelo__max_depth"": 8, ""modelo__min_samples_leaf"": 100}, {""modelo__criterion"": ""entropy"", ""modelo__max_depth"": 4, ""modelo__min_samples_leaf"": 20}, {""modelo__criterion"": ""gini"", ""modelo__max_depth"": 8, ""modelo__min_samples_leaf"": 100}, {""modelo__criterion"": ""entropy"", ""modelo__max_depth"": 8, ""modelo__min_samples_leaf"": 100}]","[[0.16744827763425307, 0.17081073124891302, 0.17081073124891302, 0.17437421159908742, 0.17437421159908742, 0.17478097891819522, 0.17478097891819522, 0.17478097891819522, 0.17478097891819522, 0.17478097891819522, 0.17478097891819522, 0.17478097891819522], [0.17556016074329647, 0.17652792221186417, 0.17652792221186417, 0.18095704506078045, 0.18095704506078045, 0.18095704506078045, 0.18095704506078045, 0.18095704506078045, 0.18095704506078045, 0.18095704506078045, 0.18095704506078045, 0.18095704506078045], [0.17353332266489907, 0.17353332266489907, 0.17353332266489907, 0.17353332266489907, 0.17353332266489907, 0.17353332266489907, 0.17574583283933307, 0.17574583283933307, 0.17574583283933307, 0.17574583283933307, 0.17574583283933307, 0.17574583283933307], [0.18630337948596468, 0.18841814335103269, 0.18841814335103269, 0.1910549846647145, 0.1910549846647145, 0.1910549846647145, 0.1910549846647145, 0.1910549846647145, 0.1910549846647145, 0.1910549846647145, 0.1910549846647145, 0.1910549846647145], [0.19553900804719673, 0.20215613605493007, 0.20215613605493007, 0.20215613605493007, 0.20215613605493007, 0.20215613605493007, 0.20215613605493007, 0.20215613605493007, 0.20215613605493007, 0.20343565538924935, 0.20343565538924935, 0.20343565538924935]]","[[], [], [], [], []]",121.5384735000116,completada
arbol,ninguno,random,12,5,3,0.25,False,42,4,False,60,185,0.6437268780405498,0.008415248928472,"[0.6450724226072138, 0.650394808517428, 0.6301321722087248, 0.6507955055827189, 0.6422394812866632]",0.1936632009509682,0.0143540912876758,"[0.21363200244609204, 0.1989489554465595, 0.17604202724765963, 0.19522365997186833, 0.18446935964266198]",0.8860619317229323,0.0001103073171052,"[0.88586888133887, 0.8860719677906391, 0.8861133832504876, 0.8861277131173325, 0.8861277131173325]",0.0968253968253968,0.2165081692499796,"[0.48412698412698413, 0.0, 0.0, 0.0, 0.0]",0.0067403314917127,0.0150718394063521,"[0.03370165745856354, 0.0, 0.0, 0.0, 0.0]",0.0126033057851239,0.0281818484767535,"[0.06301652892561983, 0.0, 0.0, 0.0, 0.0]",0.5029086491312582,0.0065039371801891,"[0.5145432456562912, 0.5, 0.5, 0.5, 0.5]",0.0975701220345003,0.0002501276072493,"[0.09763312972665768, 0.0976479887593798, 0.09771688683837126, 0.097724055690327, 0.09712854915776611]",71.0811798000068,24.438434400013648,1.3464859999949113,1.1846863300001131,106.33147980000648,123.20458749998944,"[{""modelo__max_depth"": 10, ""modelo__min_samples_leaf"": 38, ""modelo__criterion"": ""entropy"", ""modelo__ccp_alpha"": 1.3290035805941648e-06}, {""modelo__max_depth"": 23, ""modelo__min_samples_leaf"": 378, ""modelo__criterion"": ""entropy"", ""modelo__ccp_alpha"": 1.1402600385302294e-05}, {""modelo__max_depth"": 28, ""modelo__min_samples_leaf"": 27, ""modelo__criterion"": ""entropy"", ""modelo__ccp_alpha"": 0.0006580383413470919}, {""modelo__max_depth"": 9, ""modelo__min_samples_leaf"": 332, ""modelo__criterion"": ""entropy"", ""modelo__ccp_alpha"": 2.659095497716129e-07}, {""modelo__max_depth"": 9, ""modelo__min_samples_leaf"": 7, ""modelo__criterion"": ""gini"", ""modelo__ccp_alpha"": 0.0003733652045122459}]","[[0.13853397240858648, 0.17427099987266703, 0.17427099987266703, 0.17427099987266703, 0.17427099987266703, 0.17427099987266703, 0.17427099987266703, 0.17427099987266703, 0.17427099987266703, 0.17427099987266703, 0.17427099987266703, 0.17427099987266703], [0.1330109340609431, 0.16587762833465888, 0.16587762833465888, 0.1829926671543123, 0.1829926671543123, 0.1829926671543123, 0.1829926671543123, 0.1829926671543123, 0.1829926671543123, 0.1829926671543123, 0.1829926671543123, 0.1829926671543123], [0.17445259225984855, 0.17445259225984855, 0.17445259225984855, 0.17445259225984855, 0.17445259225984855, 0.17445259225984855, 0.17445259225984855, 0.17445259225984855, 0.17445259225984855, 0.17445259225984855, 0.17445259225984855, 0.17445259225984855], [0.1459864467367891, 0.19118979122660126, 0.19118979122660126, 0.19118979122660126, 0.19118979122660126, 0.19118979122660126, 0.19118979122660126, 0.19118979122660126, 0.19118979122660126, 0.19118979122660126, 0.19118979122660126, 0.19118979122660126], [0.20056089668037222, 0.20056089668037222, 0.20369740755283453, 0.20369740755283453, 0.20369740755283453, 0.2054057933072114, 0.2054057933072114, 0.2054057933072114, 0.2054057933072114, 0.2054057933072114, 0.2054057933072114, 0.2054057933072114]]","[[], [], [], [], []]",123.20471669999824,completada
arbol,ninguno,optuna,12,5,3,0.25,True,42,4,True,60,121,0.650755840119943,0.0055593036678351,"[0.6565226047032721, 0.6464335509714918, 0.6444983038599494, 0.6563985824032071, 0.6499261586617949]",0.200874317814813,0.0101177657198386,"[0.21699003368403216, 0.1968160140880047, 0.19335909076012017, 0.19283710676885044, 0.20436934377305802]",0.8862129321004334,0.0002308605034621,"[0.8866238832263748, 0.8860719677906391, 0.8861133832504876, 0.8861277131173325, 0.8861277131173325]",0.1133333333333333,0.2534210374499761,"[0.5666666666666667, 0.0, 0.0, 0.0, 0.0]",0.003756906077348,0.0084006973740323,"[0.01878453038674033, 0.0, 0.0, 0.0, 0.0]",0.0072727272727272,0.0162623125636348,"[0.03636363636363636, 0.0, 0.0, 0.0, 0.0]",0.5016938463928348,0.0037875556778213,"[0.5084692319641739, 0.5, 0.5, 0.5, 0.5]",0.0973808130330614,0.0007110867085855,"[0.09621183772586589, 0.09782999811674467, 0.09805397466443176, 0.0974101699080525, 0.0973980847502123]",167.89236990000063,35.59099989999959,2.0127674999966985,2.7982061650000105,222.6139542999881,85.28199639999366,"[{""modelo__max_depth"": 5, ""modelo__min_samples_leaf"": 34, ""modelo__criterion"": ""entropy"", ""modelo__ccp_alpha"": 4.322104659169871e-06}, {""modelo__max_depth"": 29, ""modelo__min_samples_leaf"": 338, ""modelo__criterion"": ""gini"", ""modelo__ccp_alpha"": 1.1725302629539466e-06}, {""modelo__max_depth"": 23, ""modelo__min_samples_leaf"": 363, ""modelo__criterion"": ""gini"", ""modelo__ccp_alpha"": 1.2021252512292898e-07}, {""modelo__max_depth"": 28, ""modelo__min_samples_leaf"": 326, ""modelo__criterion"": ""gini"", ""modelo__ccp_alpha"": 3.705035416108608e-05}, {""modelo__max_depth"": 26, ""modelo__min_samples_leaf"": 319, ""modelo__criterion"": ""gini"", ""modelo__ccp_alpha"": 1.5374982857773743e-07}]","[[0.1810153915893461, 0.1810153915893461, 0.1810153915893461, 0.1810153915893461, 0.1810153915893461, 0.1810153915893461, 0.1810153915893461, 0.1810153915893461, 0.1810153915893461, 0.1810153915893461, 0.1810153915893461, 0.1810153915893461], [0.12397772240947712, 0.14663806575945443, 0.14663806575945443, 0.1814164747830805, 0.1814164747830805, 0.1814164747830805, 0.1814164747830805, 0.1814164747830805, 0.1814164747830805, 0.1814164747830805, 0.1814164747830805, 0.1814164747830805], [0.15591598938093493, 0.15591598938093493, 0.17173862343396273, 0.17775137489288598, 0.17775137489288598, 0.17775137489288598, 0.17775137489288598, 0.1794761960960709, 0.1794761960960709, 0.1794761960960709, 0.1794761960960709, 0.1794761960960709], [0.17869325101906286, 0.17869325101906286, 0.17869325101906286, 0.17869325101906286, 0.18454021728559775, 0.18454021728559775, 0.18454021728559775, 0.18454021728559775, 0.18454021728559775, 0.18454021728559775, 0.18709296369797554, 0.18797116513591403], [0.18857778273915402, 0.18857778273915402, 0.18857778273915402, 0.18857778273915402, 0.18857778273915402, 0.18857778273915402, 0.18857778273915402, 0.19791243610616363, 0.19791243610616363, 0.1989322189522954, 0.1989322189522954, 0.1989322189522954]]","[[], [], [], [], []]",85.28216930000053,completada
arbol,ninguno,deap,12,5,3,0.25,False,42,4,False,60,185,0.6413605691494189,0.0138738380815315,"[0.6442203527061781, 0.6189661962052201, 0.6441516808596863, 0.6572251346893466, 0.6422394812866632]",0.1894590535715257,0.0167623406971157,"[0.2109761759914107, 0.16502627451485455, 0.19143528208885716, 0.19538817561984423, 0.18446935964266198]",0.885759908798786,0.0007876121911713,"[0.8861205486347049, 0.8860719677906391, 0.8843516013339205, 0.8861277131173325, 0.8861277131173325]",0.0674418604651162,0.1508045845290555,"[0.0, 0.0, 0.3372093023255814, 0.0, 0.0]",0.0032044198895027,0.0071653007013805,"[0.0, 0.0, 0.016022099447513812, 0.0, 0.0]",0.0061181434599156,0.013680584672467,"[0.0, 0.0, 0.03059071729957806, 0.0, 0.0]",0.5011974666372174,0.0026776168016063,"[0.5, 0.5, 0.5059873331860874, 0.5, 0.5]",0.097707385963698,0.0004395894120221,"[0.09764173004859808, 0.0982838393470252, 0.09796386852684057, 0.09751894273826033, 0.09712854915776611]",85.99919200000295,23.02717280003708,1.1720743000041691,1.4333198666667155,119.94518219999736,136.68900470000517,"[{""modelo__max_depth"": 26, ""modelo__min_samples_leaf"": 144, ""modelo__criterion"": ""gini"", ""modelo__ccp_alpha"": 2.1544346900318822e-06}, {""modelo__max_depth"": 2, ""modelo__min_samples_leaf"": 3, ""modelo__criterion"": ""gini"", ""modelo__ccp_alpha"": 4.641588833612773e-06}, {""modelo__max_depth"": 19, ""modelo__min_samples_leaf"": 144, ""modelo__criterion"": ""entropy"", ""modelo__ccp_alpha"": 0.0001}, {""modelo__max_depth"": 17, ""modelo__min_samples_leaf"": 330, ""modelo__criterion"": ""gini"", ""modelo__ccp_alpha"": 2.1544346900318823e-05}, {""modelo__max_depth"": 4, ""modelo__min_samples_leaf"": 42, ""modelo__criterion"": ""entropy"", ""modelo__ccp_alpha"": 0.001}]","[[0.1735235949012062, 0.1735235949012062, 0.1735235949012062, 0.1794701294439355, 0.1794701294439355, 0.1794701294439355, 0.1794701294439355, 0.1794701294439355, 0.1794701294439355, 0.1794701294439355, 0.1794701294439355, 0.1794701294439355], [0.12885073717052817, 0.12885073717052817, 0.15762374365851792, 0.16552781091281524, 0.16552781091281524, 0.16552781091281524, 0.16552781091281524, 0.16552781091281524, 0.16552781091281524, 0.16552781091281524, 0.16552781091281524, 0.16552781091281524], [0.16872848592719647, 0.16985469858883895, 0.16985469858883895, 0.17746142176867674, 0.17746142176867674, 0.17746142176867674, 0.17746142176867674, 0.17746142176867674, 0.17746142176867674, 0.17746142176867674, 0.17746142176867674, 0.17746142176867674], [0.1877624296164443, 0.1877624296164443, 0.1877624296164443, 0.1877624296164443, 0.1877624296164443, 0.1877624296164443, 0.1877624296164443, 0.1877624296164443, 0.1877624296164443, 0.1877624296164443, 0.18786881779074646, 0.18786881779074646], [0.19660814438931248, 0.19660814438931248, 0.19660814438931248, 0.19660814438931248, 0.19660814438931248, 0.1969131184593406, 0.1969131184593406, 0.1969131184593406, 0.1969131184593406, 0.1969131184593406, 0.1969131184593406, 0.1969131184593406]]","[[1.0, 0.75, 0.5, 0.3333333333333333], [1.0, 0.25, 0.25, 0.6666666666666666], [1.0, 1.0, 0.5, 1.0], [1.0, 0.5, 0.5, 0.6666666666666666], [1.0, 0.5, 0.5, 0.3333333333333333]]",136.6914991000085,completada
svm,ninguno,grid,12,5,3,0.25,False,42,4,False,60,185,0.6622216004120032,0.0080106045149671,"[0.6743484632850097, 0.659741919524258, 0.6521084352710823, 0.6617181006399582, 0.6631910833397074]",0.2143065494816131,0.013367080964226,"[0.2372759362524208, 0.20535738639488255, 0.20904549334071645, 0.20539955222689493, 0.21445437919315086]",0.8860871166602946,0.0004893469448884,"[0.8868755505222097, 0.8857574232511324, 0.8862392248159567, 0.8858760616546084, 0.8856873230575653]",0.4852226720647773,0.065129741714828,"[0.5789473684210527, 0.45614035087719296, 0.5192307692307693, 0.46153846153846156, 0.41025641025641024]",0.0151365351702761,0.0056561767722916,"[0.02430939226519337, 0.01435670900055218, 0.014917127071823204, 0.013259668508287293, 0.008839779005524863]",0.0293166630070715,0.0107217408018197,"[0.04665959703075292, 0.027837259100642397, 0.02900107411385607, 0.02577873254564984, 0.017306652244456464]",0.5065813607873981,0.0027251269338489,"[0.5110186552351244, 0.506077893016428, 0.5065709685632496, 0.505635869042926, 0.5036034180792622]",0.0971063478380716,0.0007714957197127,"[0.09579584273845947, 0.09768340274048086, 0.09736464661077286, 0.09761851771591434, 0.0970693293847307]",92.34623820002888,29.285021699994104,1.2676622999861138,1.5391039700004816,132.5903324999963,149.38991379999788,"[{""modelo__estimator__C"": 0.003511191734215131}, {""modelo__estimator__C"": 0.003511191734215131}, {""modelo__estimator__C"": 0.003511191734215131}, {""modelo__estimator__C"": 0.01519911082952933}, {""modelo__estimator__C"": 0.01519911082952933}]","[[0.12041348234062611, 0.16146737045303775, 0.17824122229355935, 0.1820111939289162, 0.18304181070798473, 0.18304181070798473, 0.18304181070798473, 0.18304181070798473, 0.18304181070798473, 0.18304181070798473, 0.18304181070798473, 0.18304181070798473], [0.11309393252003057, 0.18499312336190257, 0.19967760309465846, 0.203784541119837, 0.20566959801433093, 0.20566959801433093, 0.20566959801433093, 0.20566959801433093, 0.20566959801433093, 0.20566959801433093, 0.20566959801433093, 0.20566959801433093], [0.11899526633357267, 0.18467725194797383, 0.1972583809028888, 0.20070248010597794, 0.201282493011133, 0.201282493011133, 0.201282493011133, 0.201282493011133, 0.201282493011133, 0.201282493011133, 0.201282493011133, 0.201282493011133], [0.13746486931743226, 0.1984545665195623, 0.20961891532996033, 0.21433135782880416, 0.2176688811082337, 0.21792173348221866, 0.21792173348221866, 0.21792173348221866, 0.21792173348221866, 0.21792173348221866, 0.21792173348221866, 0.21792173348221866], [0.13965234443098093, 0.20862608422056794, 0.2169415581275195, 0.22057351451681032, 0.2239948754350425, 0.22463384669563627, 0.22463384669563627, 0.22463384669563627, 0.22463384669563627, 0.22463384669563627, 0.22463384669563627, 0.22463384669563627]]","[[], [], [], [], []]",149.39003180000873,completada
svm,ninguno,random,12,5,3,0.25,False,42,4,False,60,185,0.6624451419981595,0.0078183115557548,"[0.6742281512189688, 0.6602619929837519, 0.6524458194374865, 0.6619997764166653, 0.6632899699339252]",0.2142969425477249,0.0133599591269054,"[0.23726745628281248, 0.20540582001666796, 0.2087152035959267, 0.20557616976784251, 0.21452006307537524]",0.886011619637668,0.0005008414688584,"[0.8868126336982509, 0.8855686965274283, 0.8861133832504876, 0.8859389745202894, 0.8856244101918842]",0.4758787878787879,0.0664395580662082,"[0.5733333333333334, 0.43333333333333335, 0.5, 0.4727272727272727, 0.4]",0.0153575296454143,0.0053626166803496,"[0.023756906077348067, 0.01435670900055218, 0.015469613259668509, 0.014364640883977901, 0.008839779005524863]",0.0297212038769173,0.0101786200907056,"[0.04562334217506631, 0.02779262426509888, 0.030010718113612004, 0.027882037533512063, 0.017297297297297298]",0.5066350569880796,0.002596238749405,"[0.5107424121412018, 0.5059713967437975, 0.5067407002604527, 0.5061528564732278, 0.5035679193217187]",0.0971119057944963,0.0007749036839714,"[0.09579653153121612, 0.09769242439100512, 0.09738815581929847, 0.09761799187067485, 0.09706442536028705]",96.799820500004,27.857255699986126,1.3463779000157956,1.613330341666733,135.70893859998614,152.50949830000172,"[{""modelo__estimator__C"": 0.004057430560785513}, {""modelo__estimator__C"": 0.001955267794202904}, {""modelo__estimator__C"": 0.0018561983195763835}, {""modelo__estimator__C"": 0.009844034671345857}, {""modelo__estimator__C"": 0.012739979368305425}]","[[0.1806899689275021, 0.1806899689275021, 0.1806899689275021, 0.1806899689275021, 0.18106207242571817, 0.18106207242571817, 0.18106207242571817, 0.18106207242571817, 0.1827774428967702, 0.18304448082015914, 0.18304448082015914, 0.18304448082015914], [0.11674375473079777, 0.1976031627015563, 0.20494591518674157, 0.20494591518674157, 0.20494591518674157, 0.20494591518674157, 0.20494591518674157, 0.20494591518674157, 0.20494591518674157, 0.20494591518674157, 0.20494591518674157, 0.20515508588424722], [0.19676557156672958, 0.1981862463378853, 0.1981862463378853, 0.1981862463378853, 0.19876589185533577, 0.19876589185533577, 0.19876589185533577, 0.19876589185533577, 0.20153895229435906, 0.20153895229435906, 0.20153895229435906, 0.20153895229435906], [0.216057897838732, 0.216057897838732, 0.216057897838732, 0.21682613382694102, 0.21682613382694102, 0.21682613382694102, 0.21682613382694102, 0.21682613382694102, 0.2180993684600705, 0.2180993684600705, 0.2180993684600705, 0.21825235907897045], [0.22240721467410238, 0.22241247169529307, 0.22437418750116989, 0.22437418750116989, 0.22437418750116989, 0.22437418750116989, 0.22437418750116989, 0.22437418750116989, 0.22475110240482568, 0.22475110240482568, 0.22475110240482568, 0.22475110240482568]]","[[], [], [], [], []]",152.5119621000049,completada
svm,ninguno,optuna,12,5,3,0.25,True,42,4,True,60,117,0.661486061601746,0.0071173955565709,"[0.6715225615525474, 0.6582221963479208, 0.6521440959928568, 0.6621910382307891, 0.6633504158846153]",0.213983478381475,0.0128130864072458,"[0.23585904196380775, 0.2048453433938719, 0.20903418608034396, 0.2056266805612592, 0.2145521399080926]",0.8861500303178301,0.000555842625845,"[0.8870643009940858, 0.8858832410669351, 0.8862392248159567, 0.8859389745202894, 0.8856244101918842]",0.5021983939005216,0.0977202713762019,"[0.6595744680851063, 0.4594594594594595, 0.5192307692307693, 0.4727272727272727, 0.4]",0.0129271395492859,0.0036367718071683,"[0.01712707182320442, 0.009387078961899503, 0.014917127071823204, 0.014364640883977901, 0.008839779005524863]",0.0251931721944887,0.0070247330061036,"[0.03338718362950996, 0.0183982683982684, 0.02900107411385607, 0.027882037533512063, 0.017297297297297298]",0.5056541648302284,0.0018516527467038,"[0.507995515462866, 0.5039835643300801, 0.5065709685632496, 0.5061528564732278, 0.5035679193217187]",0.0971627839136822,0.000652219148853,"[0.09608177602278375, 0.09768554405701235, 0.09736572703365491, 0.09761918023705124, 0.09706169221790888]",195.12256920000075,46.0922163999785,1.9478233000118053,3.252042820000012,260.8871123999997,105.4639857999864,"[{""modelo__estimator__C"": 0.07456453506588506}, {""modelo__estimator__C"": 0.0725112114977649}, {""modelo__estimator__C"": 0.003340051752620894}, {""modelo__estimator__C"": 0.007240802915023499}, {""modelo__estimator__C"": 0.011541269321910913}]","[[0.12410148091246953, 0.18087025111185215, 0.18087025111185215, 0.18087025111185215, 0.18087025111185215, 0.18087025111185215, 0.18087025111185215, 0.18087025111185215, 0.18087025111185215, 0.18087025111185215, 0.18087025111185215, 0.18087025111185215], [0.20236334132798925, 0.20236334132798925, 0.2026115162519364, 0.2026115162519364, 0.2026115162519364, 0.20400275241208934, 0.20400275241208934, 0.20400275241208934, 0.20400275241208934, 0.20400275241208934, 0.20400275241208934, 0.20400275241208934], [0.19368698039554996, 0.19735613210101297, 0.19735613210101297, 0.19735613210101297, 0.19735613210101297, 0.19735613210101297, 0.20135227526956945, 0.20135227526956945, 0.20135227526956945, 0.20135227526956945, 0.20135227526956945, 0.20135227526956945], [0.21615838617057248, 0.21615838617057248, 0.21615838617057248, 0.21615838617057248, 0.21615838617057248, 0.21615838617057248, 0.21615838617057248, 0.21791236223246055, 0.2183001701370791, 0.2183001701370791, 0.2183001701370791, 0.2183001701370791], [0.1370754474305588, 0.22203473918466163, 0.22203473918466163, 0.22203473918466163, 0.22203473918466163, 0.22461162767560702, 0.22484600415003153, 0.22484600415003153, 0.22484600415003153, 0.22484600415003153, 0.22484600415003153, 0.22484600415003153]]","[[], [], [], [], []]",105.46413159999064,completada
svm,ninguno,deap,12,5,3,0.25,False,42,4,False,60,185,0.6620213532833836,0.008357238246309314,"[0.6748306137915993, 0.6587036935761362, 0.6518743455826016, 0.6616030140602538, 0.6630950994063274]",0.21412826404459703,0.013197107233321109,"[0.23675844101692858, 0.20508941650804896, 0.2090914468897027, 0.20533052587845435, 0.2143714899298505]",0.8861374445781716,0.0004500013338515184,"[0.8868755505222097, 0.8859461499748364, 0.8862392248159567, 0.8858760616546084, 0.8857502359232463]",0.4903150811812139,0.05781945413124771,"[0.5714285714285714, 0.4782608695652174, 0.5208333333333334, 0.46, 0.42105263157894735]",0.014805287515520562,0.006805436518180518,"[0.026519337016574586, 0.012147984538928768, 0.013812154696132596, 0.01270718232044199, 0.008839779005524863]",0.02866767301707147,0.0128160314326077,"[0.050686378035902854, 0.023694130317716746, 0.02691065662002153, 0.024731182795698924, 0.017316017316017316]",0.5064654352207243,0.003211327759005418,"[0.5119816224986309, 0.5052220220884207, 0.5060894899732171, 0.5053951247065469, 0.5036389168368057]",0.09711142266712824,0.000756739205029845,"[0.09582686708922133, 0.09767712863637808, 0.09735859129008456, 0.09761945501973036, 0.09707507130022694]",107.5780897000368,29.29794249999395,1.3963616999972146,1.79296816166728,148.01451799998176,164.81873130000895,"[{""modelo__estimator__C"": 0.001584893192461114}, {""modelo__estimator__C"": 0.018478497974222907}, {""modelo__estimator__C"": 0.0054116952654646375}, {""modelo__estimator__C"": 0.018478497974222907}, {""modelo__estimator__C"": 0.018478497974222907}]","[[0.18186634954554015, 0.18186634954554015, 0.18242235719940147, 0.18242235719940147, 0.18242235719940147, 0.18242235719940147, 0.18242235719940147, 0.18242235719940147, 0.18242235719940147, 0.18242235719940147, 0.18242235719940147, 0.18242235719940147], [0.20360564116933721, 0.20360564116933721, 0.20360564116933721, 0.20360564116933721, 0.20360564116933721, 0.20360564116933721, 0.20515474196759953, 0.20515474196759953, 0.20515474196759953, 0.20515474196759953, 0.20515474196759953, 0.20515474196759953], [0.19369693197816928, 0.19615467320896682, 0.19615467320896682, 0.19795336712831724, 0.19795336712831724, 0.19795336712831724, 0.19965297865985346, 0.19965297865985346, 0.20061319378583006, 0.20061319378583006, 0.20061319378583006, 0.20061319378583006], [0.2178511315350721, 0.2178511315350721, 0.2178511315350721, 0.2178511315350721, 0.2178511315350721, 0.2178511315350721, 0.2178511315350721, 0.2178511315350721, 0.2178511315350721, 0.2178511315350721, 0.2178511315350721, 0.2178511315350721], [0.15681099061155643, 0.22245380662547043, 0.22468257330012878, 0.22468257330012878, 0.22468257330012878, 0.22468257330012878, 0.22468257330012878, 0.22468257330012878, 0.22468257330012878, 0.22468257330012878, 0.22468257330012878, 0.22468257330012878]]","[[1.0, 0.5, 0.25, 0.6666666666666666], [1.0, 0.5, 0.5, 0.3333333333333333], [1.0, 0.5, 1.0, 0.3333333333333333], [1.0, 0.5, 0.5, 0.3333333333333333], [1.0, 0.5, 0.5, 0.3333333333333333]]",164.8223541000043,completada
