,modelo A,modelo B,AUC-PR medio A,AUC-PR medio B,delta de Cliff,magnitud
10,bayes,xgboost,0.19945715646676415,0.2266584255137305,-0.92,Grande
5,arbol,xgboost,0.20343006400948607,0.2266584255137305,-0.84,Grande
8,bayes,random_forest,0.19945715646676415,0.2257554922752878,-0.76,Grande
14,knn,xgboost,0.20584637985366755,0.2266584255137305,-0.76,Grande
3,arbol,random_forest,0.20343006400948607,0.2257554922752878,-0.76,Grande
15,logistica,random_forest,0.21102515371123273,0.2257554922752878,-0.6799999999999999,Grande
17,logistica,xgboost,0.21102515371123273,0.2266584255137305,-0.6799999999999999,Grande
12,knn,random_forest,0.20584637985366755,0.2257554922752878,-0.6799999999999999,Grande
18,random_forest,svm,0.2257554922752878,0.21450580258499152,0.6000000000000001,Grande
9,bayes,svm,0.19945715646676415,0.21450580258499152,-0.6,Grande
20,svm,xgboost,0.21450580258499152,0.2266584255137305,-0.52,Grande
7,bayes,logistica,0.19945715646676415,0.21102515371123273,-0.52,Grande
4,arbol,svm,0.20343006400948607,0.21450580258499152,-0.52,Grande
13,knn,svm,0.20584637985366755,0.21450580258499152,-0.52,Grande
11,knn,logistica,0.20584637985366755,0.21102515371123273,-0.43999999999999995,Mediano
0,arbol,bayes,0.20343006400948607,0.19945715646676415,0.43999999999999995,Mediano
2,arbol,logistica,0.20343006400948607,0.21102515371123273,-0.43999999999999995,Mediano
6,bayes,knn,0.19945715646676415,0.20584637985366755,-0.43999999999999995,Mediano
16,logistica,svm,0.21102515371123273,0.21450580258499152,-0.28,Pequeño
19,random_forest,xgboost,0.2257554922752878,0.2266584255137305,-0.12,Insignificante
1,arbol,knn,0.20343006400948607,0.20584637985366755,-0.040000000000000036,Insignificante
