,atributo,grupo,encuentros,% de la cohorte,tasa (%),IC 95 % inferior,IC 95 % superior
0,race,AfricanAmerican,15014,18.89,11.6,11.1,12.12
1,race,Asian,514,0.65,10.51,8.14,13.46
2,race,Caucasian,59394,74.73,11.49,11.24,11.75
3,race,Hispanic,1639,2.06,10.31,8.93,11.88
4,race,No informada,1769,2.23,8.54,7.32,9.93
5,race,Other,1143,1.44,9.62,8.05,11.47
6,gender,Female,42923,54.01,11.46,11.17,11.77
7,gender,Male,36550,45.99,11.3,10.98,11.63
8,age_ord,[0-10),125,0.16,2.4,0.82,6.82
9,age_ord,[10-20),576,0.72,5.73,4.11,7.94
10,age_ord,[20-30),1337,1.68,15.48,13.64,17.52
11,age_ord,[30-40),3011,3.79,10.99,9.93,12.16
12,age_ord,[40-50),7704,9.69,11.28,10.59,12.01
13,age_ord,[50-60),13634,17.16,9.45,8.97,9.96
14,age_ord,[60-70),17553,22.09,11.32,10.86,11.8
15,age_ord,[70-80),20318,25.57,12.06,11.62,12.51
16,age_ord,[80-90),13171,16.57,12.59,12.03,13.17
17,age_ord,[90-100),2044,2.57,10.96,9.68,12.39
